"","book","series_rating","halfway"
"1","Earth",8.73007706255666,31.5
"2","Fire",8.86237077877326,53
"3","Water",8.33699134199134,10.5
